시도,시군구,강도,살인,성범죄,절도,폭력,major_crime_type,절도_비율,폭력_비율,성범죄_비율,강도_비율,살인_비율,crime_count,risk_score,cluster,region_type,cctv_count,경찰서,파출소
서울,종로구,5,1,208,1180,1360,"폭력, 절도, 성범죄",42.8,49.4,7.6,0.2,0,2754,23.6,0,범죄 집중 관리 지역,1223,2,20
서울,중구,5,5,180,1410,1378,"절도, 폭력, 성범죄",47.3,46.3,6,0.2,0.2,2978,25.6,0,범죄 집중 관리 지역,1191,2,15
서울,용산구,4,10,262,1072,1941,"폭력, 절도, 성범죄",32.6,59,8,0.1,0.3,3289,28.1,0,범죄 집중 관리 지역,1930,1,7
서울,성동구,2,5,114,968,1033,"폭력, 절도, 성범죄",45.6,48.7,5.4,0.1,0.2,2122,18,0,범죄 집중 관리 지역,1314,1,9
서울,광진구,6,2,237,1321,1303,"절도, 폭력, 성범죄",46,45.4,8.3,0.2,0.1,2869,24.6,0,범죄 집중 관리 지역,1304,1,10
서울,동대문구,4,7,125,1618,1462,"절도, 폭력, 성범죄",50.3,45.5,3.9,0.1,0.2,3216,27.6,0,범죄 집중 관리 지역,1368,1,11
서울,중랑구,2,5,142,1439,1579,"폭력, 절도, 성범죄",45.4,49.9,4.5,0.1,0.2,3167,27,0,범죄 집중 관리 지역,2054,1,8
서울,성북구,1,2,146,884,1149,"폭력, 절도, 성범죄",40.5,52.7,6.7,0,0.1,2182,18.2,0,범죄 집중 관리 지역,2367,2,10
서울,강북구,0,6,141,968,1169,"폭력, 절도, 성범죄",42.4,51.2,6.2,0,0.3,2284,18.4,0,범죄 집중 관리 지역,4596,1,9
서울,도봉구,0,7,74,800,858,"폭력, 절도, 성범죄",46,49.3,4.3,0,0.4,1739,14,0,범죄 집중 관리 지역,3113,1,8
서울,노원구,3,7,143,1506,1434,"절도, 폭력, 성범죄",48.7,46.4,4.6,0.1,0.2,3093,25.6,0,범죄 집중 관리 지역,4240,1,8
서울,은평구,1,9,131,1520,1559,"폭력, 절도, 성범죄",47.2,48.4,4.1,0,0.3,3220,27.5,0,범죄 집중 관리 지역,1773,2,9
서울,서대문구,0,3,131,1012,900,"절도, 폭력, 성범죄",49.5,44,6.4,0,0.1,2046,17.3,0,범죄 집중 관리 지역,1292,1,8
서울,마포구,4,4,504,1469,1912,"폭력, 절도, 성범죄",37.7,49.1,12.9,0.1,0.1,3893,33.6,0,범죄 집중 관리 지역,1497,1,8
서울,양천구,1,4,105,1513,1364,"절도, 폭력, 성범죄",50.7,45.7,3.5,0,0.1,2987,24.5,0,범죄 집중 관리 지역,4795,1,8
서울,강서구,6,5,265,1671,2049,"폭력, 절도, 성범죄",41.8,51.3,6.6,0.2,0.1,3996,34.3,0,범죄 집중 관리 지역,2135,1,11
서울,구로구,0,7,187,1572,1616,"폭력, 절도, 성범죄",46.5,47.8,5.5,0,0.2,3382,28.8,0,범죄 집중 관리 지역,2132,1,8
서울,금천구,3,6,127,887,992,"폭력, 절도, 성범죄",44,49.2,6.3,0.1,0.3,2015,17.2,0,범죄 집중 관리 지역,935,1,5
서울,영등포구,6,10,281,1790,2070,"폭력, 절도, 성범죄",43.1,49.8,6.8,0.1,0.2,4157,34.6,0,범죄 집중 관리 지역,5515,1,10
서울,동작구,1,1,181,1091,1187,"폭력, 절도, 성범죄",44.3,48.2,7.4,0,0,2461,21.1,0,범죄 집중 관리 지역,890,1,7
서울,관악구,3,4,335,1967,2167,"폭력, 절도, 성범죄",43.9,48.4,7.5,0.1,0.1,4476,38.5,0,범죄 집중 관리 지역,2106,1,9
서울,서초구,5,10,361,1587,1812,"폭력, 절도, 성범죄",42,48,9.6,0.1,0.3,3775,30.9,0,범죄 집중 관리 지역,6397,2,11
서울,강남구,17,16,635,2094,3335,"폭력, 절도, 성범죄",34.3,54.7,10.4,0.3,0.3,6097,52.6,0,범죄 집중 관리 지역,2672,2,14
서울,송파구,3,5,316,2500,2346,"절도, 폭력, 성범죄",48.4,45.4,6.1,0.1,0.1,5170,44.7,0,범죄 집중 관리 지역,1831,1,11
서울,강동구,4,3,166,1662,1519,"절도, 폭력, 성범죄",49.6,45.3,4.9,0.1,0.1,3354,28.8,0,범죄 집중 관리 지역,1464,1,9
부산,중구,1,1,45,574,645,"폭력, 절도, 성범죄",45.3,50.9,3.6,0.1,0.1,1266,10.7,1,생활 안전 지역,503,1,5
부산,서구,1,3,28,662,470,"절도, 폭력, 성범죄",56.9,40.4,2.4,0.1,0.3,1164,9.8,1,생활 안전 지역,569,1,4
부산,동구,5,2,62,567,728,"폭력, 절도, 성범죄",41.6,53.4,4.5,0.4,0.1,1364,11.5,1,생활 안전 지역,671,1,5
부산,영도구,1,2,22,443,487,"폭력, 절도, 성범죄",46.4,51,2.3,0.1,0.2,955,7.8,1,생활 안전 지역,915,1,4
부산,부산진구,8,4,312,2678,2848,"폭력, 절도, 성범죄",45.8,48.7,5.3,0.1,0.1,5850,51,0,범죄 집중 관리 지역,1017,1,10
부산,동래구,4,3,82,1264,1101,"절도, 폭력, 성범죄",51.5,44.9,3.3,0.2,0.1,2454,21,0,범죄 집중 관리 지역,991,1,6
부산,남구,0,4,105,862,1039,"폭력, 절도, 성범죄",42.9,51.7,5.2,0,0.2,2010,16.8,0,범죄 집중 관리 지역,2074,1,7
부산,북구,2,5,74,1137,891,"절도, 폭력, 성범죄",53.9,42.2,3.5,0.1,0.2,2109,18,0,범죄 집중 관리 지역,887,1,5
부산,강서구,2,3,46,446,625,"폭력, 절도, 성범죄",39.8,55.7,4.1,0.2,0.3,1122,9.2,0,범죄 집중 관리 지역,1172,1,9
부산,해운대구,1,2,142,1674,1394,"절도, 폭력, 성범죄",52.1,43.4,4.4,0,0.1,3213,27.8,0,범죄 집중 관리 지역,805,1,9
부산,사하구,3,5,82,952,1216,"폭력, 절도, 성범죄",42.2,53.9,3.6,0.1,0.2,2258,19.3,0,범죄 집중 관리 지역,1037,1,6
부산,금정구,4,4,72,878,854,"절도, 폭력, 성범죄",48.5,47.1,4,0.2,0.2,1812,15.3,0,범죄 집중 관리 지역,1309,1,5
부산,연제구,4,6,86,833,1076,"폭력, 절도, 성범죄",41.5,53.7,4.3,0.2,0.3,2005,17.1,0,범죄 집중 관리 지역,1022,1,4
부산,수영구,1,2,97,795,1015,"폭력, 절도, 성범죄",41.6,53.1,5.1,0.1,0.1,1910,15.9,0,범죄 집중 관리 지역,1877,,4
부산,사상구,1,5,81,797,1072,"폭력, 절도, 성범죄",40.7,54.8,4.1,0.1,0.3,1956,16.6,0,범죄 집중 관리 지역,1230,1,6
부산,기장군,0,1,61,448,658,"폭력, 절도, 성범죄",38.4,56.3,5.2,0,0.1,1168,9.4,0,범죄 집중 관리 지역,2020,1,5
대구,중구,1,2,183,1188,994,"절도, 폭력, 성범죄",50.2,42,7.7,0,0.1,2368,20.3,0,범죄 집중 관리 지역,935,1,4
대구,동구,9,4,128,1244,1652,"폭력, 절도, 성범죄",41,54.4,4.2,0.3,0.1,3037,25.9,0,범죄 집중 관리 지역,1941,1,9
대구,서구,2,3,72,1025,974,"절도, 폭력, 성범죄",49.4,46.9,3.5,0.1,0.1,2076,16.3,0,범죄 집중 관리 지역,5249,1,5
대구,남구,0,0,74,682,767,"폭력, 절도, 성범죄",44.8,50.4,4.9,0,0,1523,12.8,0,범죄 집중 관리 지역,1014,1,5
대구,북구,2,4,98,1553,1571,"폭력, 절도, 성범죄",48.1,48.7,3,0.1,0.1,3228,27.5,0,범죄 집중 관리 지역,2217,2,8
대구,수성구,0,8,119,990,1417,"폭력, 절도, 성범죄",39.1,55.9,4.7,0,0.3,2534,21.1,0,범죄 집중 관리 지역,3017,1,7
대구,달서구,1,8,193,1965,2177,"폭력, 절도, 성범죄",45.2,50.1,4.4,0,0.2,4344,37,0,범죄 집중 관리 지역,3264,2,13
대구,달성군,0,4,69,912,783,"절도, 폭력, 성범죄",51.6,44.3,3.9,0,0.2,1768,14.8,0,범죄 집중 관리 지역,1670,1,11
대구,군위군,0,0,3,93,79,"절도, 폭력, 성범죄",53.1,45.1,1.7,0,0,175,5,1,생활 안전 지역,665,,4
인천,중구,4,3,116,791,936,"폭력, 절도, 성범죄",42.8,50.6,6.3,0.2,0.2,1850,15.7,0,범죄 집중 관리 지역,909,1,7
인천,동구,0,1,15,206,204,"절도, 폭력, 성범죄",48.4,47.9,3.5,0,0.2,426,5,1,생활 안전 지역,374,,3
인천,미추홀구,8,14,259,1444,2392,"폭력, 절도, 성범죄",35.1,58.1,6.3,0.2,0.3,4117,35,0,범죄 집중 관리 지역,3176,1,9
인천,연수구,2,7,120,1185,1363,"폭력, 절도, 성범죄",44.3,50.9,4.5,0.1,0.3,2677,22.6,0,범죄 집중 관리 지역,2122,1,6
인천,남동구,4,8,218,1242,2212,"폭력, 절도, 성범죄",33.7,60,5.9,0.1,0.2,3684,31.7,0,범죄 집중 관리 지역,1491,2,10
인천,부평구,8,7,298,2143,2701,"폭력, 절도, 성범죄",41.6,52.4,5.8,0.2,0.1,5157,44.7,0,범죄 집중 관리 지역,1513,2,11
인천,계양구,1,4,97,825,1154,"폭력, 절도, 성범죄",39.6,55.5,4.7,0,0.2,2081,17.6,0,범죄 집중 관리 지역,1472,1,5
인천,서구,6,8,237,1356,2121,"폭력, 절도, 성범죄",36.4,56.9,6.4,0.2,0.2,3728,31.9,0,범죄 집중 관리 지역,2059,1,9
인천,강화군,0,1,20,168,312,"폭력, 절도, 성범죄",33.5,62.3,4,0,0.2,501,5,1,생활 안전 지역,1073,1,13
인천,옹진군,0,0,10,15,65,"폭력, 절도, 성범죄",16.7,72.2,11.1,0,0,90,5,1,생활 안전 지역,130,,6
광주,동구,0,1,55,560,672,"폭력, 절도, 성범죄",43.5,52.2,4.3,0,0.1,1288,11,2,치안 인프라 보완 필요 지역,81,1,5
광주,서구,7,4,185,1246,1635,"폭력, 절도, 성범죄",40.5,53.1,6,0.2,0.1,3077,26.8,2,치안 인프라 보완 필요 지역,51,1,7
광주,남구,1,2,58,759,695,"절도, 폭력, 성범죄",50.1,45.9,3.8,0.1,0.1,1515,13,2,치안 인프라 보완 필요 지역,79,1,6
광주,북구,3,5,138,1877,1432,"절도, 폭력, 성범죄",54.3,41.4,4,0.1,0.1,3455,30,0,범죄 집중 관리 지역,433,1,9
광주,광산구,7,4,151,1658,1811,"폭력, 절도, 성범죄",45.7,49.9,4.2,0.2,0.1,3631,31.3,0,범죄 집중 관리 지역,1201,1,13
대전,동구,5,7,91,1023,1251,"폭력, 절도, 성범죄",43,52.6,3.8,0.2,0.3,2377,20.4,0,범죄 집중 관리 지역,908,1,6
대전,중구,1,0,136,1172,1541,"폭력, 절도, 성범죄",41.1,54.1,4.8,0,0,2850,23.4,0,범죄 집중 관리 지역,4526,1,6
대전,서구,5,10,224,1873,2519,"폭력, 절도, 성범죄",40.4,54.4,4.8,0.1,0.2,4631,40.3,0,범죄 집중 관리 지역,882,2,8
대전,유성구,5,8,127,1064,1222,"폭력, 절도, 성범죄",43.9,50.4,5.2,0.2,0.3,2426,20.9,0,범죄 집중 관리 지역,590,1,7
대전,대덕구,1,2,68,546,810,"폭력, 절도, 성범죄",38.3,56.8,4.8,0.1,0.1,1427,11.9,0,범죄 집중 관리 지역,1104,1,4
울산,중구,0,7,58,530,688,"폭력, 절도, 성범죄",41.3,53.6,4.5,0,0.5,1283,10.3,0,범죄 집중 관리 지역,2263,1,5
울산,남구,4,3,171,955,1652,"폭력, 절도, 성범죄",34.3,59.3,6.1,0.1,0.1,2785,23.9,0,범죄 집중 관리 지역,1283,1,6
울산,동구,5,5,49,498,721,"폭력, 절도, 성범죄",39,56.4,3.8,0.4,0.4,1278,10.8,1,생활 안전 지역,597,1,4
울산,북구,1,2,45,712,707,"절도, 폭력, 성범죄",48.5,48.2,3.1,0.1,0.1,1467,12.1,0,범죄 집중 관리 지역,1759,1,7
울산,울주군,2,6,59,507,749,"폭력, 절도, 성범죄",38.3,56.6,4.5,0.2,0.5,1323,11.4,2,치안 인프라 보완 필요 지역,,1,10
세종,세종시,1,4,124,1117,903,"절도, 폭력, 성범죄",52,42,5.8,0,0.2,2149,18.1,0,범죄 집중 관리 지역,1575,2,2
경기도,고양시,10,11,276,2645,3767,"폭력, 절도, 성범죄",39.4,56.1,4.1,0.1,0.2,6709,58.1,0,범죄 집중 관리 지역,2356,3,18
경기도,과천시,0,2,15,327,179,"절도, 폭력, 성범죄",62.5,34.2,2.9,0,0.4,523,5,1,생활 안전 지역,300,1,2
경기도,광명시,2,4,60,872,1094,"폭력, 절도, 성범죄",42.9,53.8,3,0.1,0.2,2032,17.3,0,범죄 집중 관리 지역,1136,1,6
경기도,광주시,5,3,102,1015,1670,"폭력, 절도, 성범죄",36.3,59.7,3.6,0.2,0.1,2795,23.8,0,범죄 집중 관리 지역,1732,1,9
경기도,구리시,0,1,76,572,709,"폭력, 절도, 성범죄",42.1,52.2,5.6,0,0.1,1358,11.4,0,범죄 집중 관리 지역,961,1,5
경기도,군포시,1,3,69,876,771,"절도, 폭력, 성범죄",50.9,44.8,4,0.1,0.2,1720,14.6,0,범죄 집중 관리 지역,854,1,5
경기도,김포시,3,8,135,1964,2057,"폭력, 절도, 성범죄",47.1,49.4,3.2,0.1,0.2,4167,35.9,0,범죄 집중 관리 지역,1685,1,12
경기도,남양주시,9,7,182,1566,2258,"폭력, 절도, 성범죄",38.9,56.1,4.5,0.2,0.2,4022,34.5,0,범죄 집중 관리 지역,1948,2,17
경기도,동두천시,4,2,55,360,558,"폭력, 절도, 성범죄",36.8,57,5.6,0.4,0.2,979,8.1,1,생활 안전 지역,645,1,5
경기도,부천시,3,11,331,3659,3866,"폭력, 절도, 성범죄",46.5,49.1,4.2,0,0.1,7870,68.4,0,범죄 집중 관리 지역,2175,3,14
경기도,성남시,5,9,323,3074,3852,"폭력, 절도, 성범죄",42.3,53,4.4,0.1,0.1,7263,62.8,0,범죄 집중 관리 지역,2954,3,23
경기도,수원시,7,17,511,5042,5230,"폭력, 절도, 성범죄",46.7,48.4,4.7,0.1,0.2,10807,93.4,0,범죄 집중 관리 지역,4933,3,23
경기도,시흥시,4,12,197,1726,2598,"폭력, 절도, 성범죄",38,57.3,4.3,0.1,0.3,4537,39,0,범죄 집중 관리 지역,2130,1,12
경기도,안산시,8,12,328,2722,3737,"폭력, 절도, 성범죄",40,54.9,4.8,0.1,0.2,6807,58.8,0,범죄 집중 관리 지역,2901,2,22
경기도,안성시,0,3,58,680,836,"폭력, 절도, 성범죄",43.1,53,3.7,0,0.2,1577,13.1,0,범죄 집중 관리 지역,1569,1,10
경기도,안양시,0,0,210,1596,1808,"폭력, 절도, 성범죄",44.2,50,5.8,0,0,3614,31,0,범죄 집중 관리 지역,1749,2,10
경기도,양주시,4,2,88,660,1075,"폭력, 절도, 성범죄",36.1,58.8,4.8,0.2,0.1,1829,15.4,0,범죄 집중 관리 지역,1200,1,10
경기도,여주시,0,0,47,298,436,"폭력, 절도, 성범죄",38.2,55.8,6,0,0,781,6.1,0,범죄 집중 관리 지역,1670,1,11
경기도,오산시,1,3,92,953,1257,"폭력, 절도, 성범죄",41.3,54.5,4,0,0.1,2306,19.8,0,범죄 집중 관리 지역,655,1,4
경기도,용인시,1,12,255,3200,3245,"폭력, 절도, 성범죄",47.7,48.3,3.8,0,0.2,6713,57.6,0,범죄 집중 관리 지역,3975,2,22
경기도,의왕시,0,1,42,237,363,"폭력, 절도, 성범죄",36.9,56.5,6.5,0,0.2,643,5.1,1,생활 안전 지역,805,1,4
경기도,의정부시,2,5,184,1475,2129,"폭력, 절도, 성범죄",38.9,56.1,4.8,0.1,0.1,3795,32.6,0,범죄 집중 관리 지역,1648,1,7
경기도,이천시,1,1,83,605,960,"폭력, 절도, 성범죄",36.7,58.2,5,0.1,0.1,1650,12.9,0,범죄 집중 관리 지역,4245,1,13
경기도,파주시,6,11,173,1421,2058,"폭력, 절도, 성범죄",38.7,56.1,4.7,0.2,0.3,3669,31.3,0,범죄 집중 관리 지역,2320,1,13
경기도,평택시,6,11,280,2436,3418,"폭력, 절도, 성범죄",39.6,55.6,4.6,0.1,0.2,6151,52.9,0,범죄 집중 관리 지역,3227,1,16
경기도,포천시,1,1,64,411,715,"폭력, 절도, 성범죄",34.5,60,5.4,0.1,0.1,1192,9.7,0,범죄 집중 관리 지역,1507,1,14
경기도,하남시,1,4,80,876,1042,"폭력, 절도, 성범죄",43.7,52,4,0,0.2,2003,16.7,0,범죄 집중 관리 지역,2228,1,7
경기도,화성시,7,14,262,2895,3483,"폭력, 절도, 성범죄",43.5,52.3,3.9,0.1,0.2,6661,58.4,2,치안 인프라 보완 필요 지역,2,2,18
경기도,연천군,0,1,13,131,278,"폭력, 절도, 성범죄",31,65.7,3.1,0,0.2,423,5,1,생활 안전 지역,595,1,7
경기도,가평군,0,1,34,139,306,"폭력, 절도, 성범죄",29,63.7,7.1,0,0.2,480,5,1,생활 안전 지역,725,1,6
경기도,양평군,0,2,40,288,483,"폭력, 절도, 성범죄",35.4,59.4,4.9,0,0.2,813,6.5,1,생활 안전 지역,1120,1,12
강원도,강릉시,1,5,77,649,1205,"폭력, 절도, 성범죄",33.5,62.2,4,0.1,0.3,1937,16.2,0,범죄 집중 관리 지역,1959,1,7
강원도,동해시,0,1,26,188,424,"폭력, 절도, 성범죄",29.4,66.4,4.1,0,0.2,639,5.1,1,생활 안전 지역,823,1,4
강원도,삼척시,0,1,21,167,296,"폭력, 절도, 성범죄",34.4,61,4.3,0,0.2,485,5,1,생활 안전 지역,480,1,8
강원도,속초시,0,0,42,264,553,"폭력, 절도, 성범죄",30.7,64.4,4.9,0,0,859,7.1,1,생활 안전 지역,442,1,2
강원도,원주시,4,2,144,1125,1490,"폭력, 절도, 성범죄",40.7,53.9,5.2,0.1,0.1,2765,23.5,0,범죄 집중 관리 지역,1776,1,10
강원도,춘천시,3,3,98,817,1158,"폭력, 절도, 성범죄",39.3,55.7,4.7,0.1,0.1,2079,17.2,0,범죄 집중 관리 지역,2690,1,10
강원도,태백시,1,0,11,120,157,"폭력, 절도, 성범죄",41.5,54.3,3.8,0.3,0,289,5,0,범죄 집중 관리 지역,15687,1,5
강원도,홍천군,0,4,33,177,286,"폭력, 절도, 성범죄",35.4,57.2,6.6,0,0.8,500,5,1,생활 안전 지역,459,1,8
강원도,횡성군,1,1,13,102,137,"폭력, 절도, 성범죄",40.2,53.9,5.1,0.4,0.4,254,5,1,생활 안전 지역,778,1,6
강원도,영월군,0,0,13,68,161,"폭력, 절도, 성범죄",28.1,66.5,5.4,0,0,242,5,1,생활 안전 지역,934,1,6
강원도,평창군,0,0,8,82,173,"폭력, 절도, 성범죄",31.2,65.8,3,0,0,263,5,1,생활 안전 지역,190,1,5
강원도,정선군,0,2,20,208,186,"절도, 폭력, 성범죄",50,44.7,4.8,0,0.5,416,5,1,생활 안전 지역,630,1,8
강원도,철원군,1,1,17,83,151,"폭력, 절도, 성범죄",32.8,59.7,6.7,0.4,0.4,253,5,1,생활 안전 지역,767,1,3
강원도,화천군,0,0,9,42,98,"폭력, 절도, 성범죄",28.2,65.8,6,0,0,149,5,1,생활 안전 지역,239,1,5
강원도,양구군,0,1,12,59,98,"폭력, 절도, 성범죄",34.7,57.6,7.1,0,0.6,170,5,1,생활 안전 지역,398,1,5
강원도,인제군,0,0,9,47,92,"폭력, 절도, 성범죄",31.8,62.2,6.1,0,0,148,5,1,생활 안전 지역,675,1,5
강원도,고성군,1,0,8,83,138,"폭력, 절도, 성범죄",36.1,60,3.5,0.4,0,230,5,1,생활 안전 지역,540,1,4
강원도,양양군,1,0,22,76,184,"폭력, 절도, 성범죄",26.9,65,7.8,0.4,0,283,5,1,생활 안전 지역,338,,5
충북,제천시,1,2,37,408,413,"폭력, 절도, 성범죄",47.4,48,4.3,0.1,0.2,861,6.9,0,범죄 집중 관리 지역,1286,1,7
충북,청주시,6,13,299,3788,3113,"절도, 폭력, 성범죄",52.5,43.1,4.1,0.1,0.2,7219,63.3,2,치안 인프라 보완 필요 지역,148,3,21
충북,충주시,2,3,95,611,715,"폭력, 절도, 성범죄",42.8,50.1,6.7,0.1,0.2,1426,11.6,0,범죄 집중 관리 지역,2080,1,9
충북,보은군,1,0,9,75,93,"폭력, 절도, 성범죄",42.1,52.2,5.1,0.6,0,178,5,1,생활 안전 지역,323,1,6
충북,옥천군,0,0,18,100,162,"폭력, 절도, 성범죄",35.7,57.9,6.4,0,0,280,5,1,생활 안전 지역,406,1,7
충북,영동군,0,1,5,52,96,"폭력, 절도, 성범죄",33.8,62.3,3.2,0,0.6,154,5,1,생활 안전 지역,464,1,6
충북,증평군,0,0,13,75,103,"폭력, 절도, 성범죄",39.3,53.9,6.8,0,0,191,5,1,생활 안전 지역,1000,,1
충북,진천군,0,3,41,250,437,"폭력, 절도, 성범죄",34.2,59.8,5.6,0,0.4,731,5.8,1,생활 안전 지역,974,1,5
충북,괴산군,1,0,11,42,128,"폭력, 절도, 성범죄",23.1,70.3,6,0.5,0,182,5,1,생활 안전 지역,806,1,6
충북,음성군,1,1,42,418,482,"폭력, 절도, 성범죄",44.3,51.1,4.4,0.1,0.1,944,7.4,0,범죄 집중 관리 지역,1984,1,7
충북,단양군,0,0,13,38,106,"폭력, 절도, 성범죄",24.2,67.5,8.3,0,0,157,5,1,생활 안전 지역,397,1,5
충남,계룡시,0,0,8,45,70,"폭력, 절도, 성범죄",36.6,56.9,6.5,0,0,123,5,1,생활 안전 지역,101,,1
충남,공주시,0,3,43,244,315,"폭력, 절도, 성범죄",40.3,52.1,7.1,0,0.5,605,5,2,치안 인프라 보완 필요 지역,6,1,8
충남,논산시,2,1,32,373,447,"폭력, 절도, 성범죄",43.6,52.3,3.7,0.2,0.1,855,6.3,0,범죄 집중 관리 지역,2835,1,6
충남,당진시,0,4,73,314,741,"폭력, 절도, 성범죄",27.7,65.5,6.4,0,0.4,1132,9,0,범죄 집중 관리 지역,2106,1,9
충남,보령시,1,2,43,290,345,"폭력, 절도, 성범죄",42.6,50.7,6.3,0.1,0.3,681,5,0,범죄 집중 관리 지역,2308,1,8
충남,서산시,4,6,79,349,741,"폭력, 절도, 성범죄",29.6,62.8,6.7,0.3,0.5,1179,9.6,0,범죄 집중 관리 지역,1659,1,7
충남,아산시,5,5,133,1189,1523,"폭력, 절도, 성범죄",41.6,53.3,4.7,0.2,0.2,2855,23.5,0,범죄 집중 관리 지역,4371,1,12
충남,천안시,12,7,327,2942,3284,"폭력, 절도, 성범죄",44.8,50,5,0.2,0.1,6572,55.3,0,범죄 집중 관리 지역,7323,2,18
충남,금산군,0,2,27,95,184,"폭력, 절도, 성범죄",30.8,59.7,8.8,0,0.6,308,5,1,생활 안전 지역,1704,1,5
충남,부여군,0,2,8,149,166,"폭력, 절도, 성범죄",45.8,51.1,2.5,0,0.6,325,5,1,생활 안전 지역,1677,1,9
충남,서천군,0,2,10,82,184,"폭력, 절도, 성범죄",29.5,66.2,3.6,0,0.7,278,5,1,생활 안전 지역,1515,1,7
충남,청양군,0,0,7,66,102,"폭력, 절도, 성범죄",37.7,58.3,4,0,0,175,5,1,생활 안전 지역,522,1,6
충남,예산군,3,3,23,183,281,"폭력, 절도, 성범죄",37.1,57,4.7,0.6,0.6,493,5,1,생활 안전 지역,481,1,6
충남,태안군,2,2,23,122,322,"폭력, 절도, 성범죄",25.9,68.4,4.9,0.4,0.4,471,5,1,생활 안전 지역,1548,1,6
충남,홍성군,0,4,31,202,255,"폭력, 절도, 성범죄",41.1,51.8,6.3,0,0.8,492,5,1,생활 안전 지역,1287,1,7
전북,군산시,1,6,107,747,1091,"폭력, 절도, 성범죄",38.3,55.9,5.5,0.1,0.3,1952,15.9,0,범죄 집중 관리 지역,3305,1,21
전북,김제시,0,2,29,162,291,"폭력, 절도, 성범죄",33.5,60.1,6,0,0.4,484,5,1,생활 안전 지역,901,1,12
전북,남원시,2,1,24,241,310,"폭력, 절도, 성범죄",41.7,53.6,4.2,0.3,0.2,578,5,0,범죄 집중 관리 지역,1991,1,11
전북,익산시,3,5,116,1026,1182,"폭력, 절도, 성범죄",44,50.7,5,0.1,0.2,2332,19.9,0,범죄 집중 관리 지역,1055,1,19
전북,전주시,7,5,258,2667,2622,"절도, 폭력, 성범죄",48,47.2,4.6,0.1,0.1,5559,48.1,0,범죄 집중 관리 지역,1937,2,19
전북,정읍시,2,1,24,443,423,"절도, 폭력, 성범죄",49.6,47.4,2.7,0.2,0.1,893,7.4,1,생활 안전 지역,601,1,16
전북,완주군,0,0,33,224,303,"폭력, 절도, 성범죄",40,54.1,5.9,0,0,560,5,1,생활 안전 지역,593,1,11
전북,고창군,0,0,23,77,187,"폭력, 절도, 성범죄",26.8,65.2,8,0,0,287,5,1,생활 안전 지역,409,1,9
전북,부안군,0,0,14,101,157,"폭력, 절도, 성범죄",37.1,57.7,5.1,0,0,272,5,1,생활 안전 지역,525,1,10
전북,임실군,0,0,6,51,52,"폭력, 절도, 성범죄",46.8,47.7,5.5,0,0,109,5,1,생활 안전 지역,850,1,6
전북,순창군,0,0,4,39,61,"폭력, 절도, 성범죄",37.5,58.7,3.8,0,0,104,5,1,생활 안전 지역,175,1,7
전북,진안군,0,1,4,47,63,"폭력, 절도, 성범죄",40.9,54.8,3.5,0,0.9,115,5,1,생활 안전 지역,1310,1,8
전북,무주군,0,0,12,30,74,"폭력, 절도, 성범죄",25.9,63.8,10.3,0,0,116,5,1,생활 안전 지역,858,1,7
전북,장수군,0,0,6,42,60,"폭력, 절도, 성범죄",38.9,55.6,5.6,0,0,108,5,1,생활 안전 지역,581,1,6
전남,광양시,0,1,45,400,645,"폭력, 절도, 성범죄",36.7,59.1,4.1,0,0.1,1091,9.3,1,생활 안전 지역,148,1,8
전남,나주시,1,0,27,352,459,"폭력, 절도, 성범죄",42,54.7,3.2,0.1,0,839,6.4,0,범죄 집중 관리 지역,2157,1,11
전남,목포시,3,3,131,963,1213,"폭력, 절도, 성범죄",41.6,52.4,5.7,0.1,0.1,2313,19.8,0,범죄 집중 관리 지역,935,1,11
전남,순천시,1,2,93,765,1287,"폭력, 절도, 성범죄",35.6,59.9,4.3,0,0.1,2148,17.4,0,범죄 집중 관리 지역,3984,1,17
전남,여수시,3,8,91,713,1302,"폭력, 절도, 성범죄",33.7,61.5,4.3,0.1,0.4,2117,18.4,2,치안 인프라 보완 필요 지역,,1,18
전남,담양군,0,0,11,110,140,"폭력, 절도, 성범죄",42.1,53.6,4.2,0,0,261,5,1,생활 안전 지역,423,1,6
전남,곡성군,0,0,5,56,86,"폭력, 절도, 성범죄",38.1,58.5,3.4,0,0,147,5,1,생활 안전 지역,1417,1,7
전남,구례군,0,1,4,73,97,"폭력, 절도, 성범죄",41.7,55.4,2.3,0,0.6,175,5,1,생활 안전 지역,433,1,6
전남,고흥군,0,2,18,146,261,"폭력, 절도, 성범죄",34.2,61.1,4.2,0,0.5,427,5,1,생활 안전 지역,676,1,12
전남,보성군,0,0,12,115,144,"폭력, 절도, 성범죄",42.4,53.1,4.4,0,0,271,5,1,생활 안전 지역,1690,1,8
전남,화순군,1,2,15,141,210,"폭력, 절도, 성범죄",38.2,56.9,4.1,0.3,0.5,369,5,1,생활 안전 지역,2010,1,8
전남,장흥군,0,0,10,88,150,"폭력, 절도, 성범죄",35.5,60.5,4,0,0,248,5,1,생활 안전 지역,1143,1,7
전남,강진군,0,1,13,80,141,"폭력, 절도, 성범죄",34,60,5.5,0,0.4,235,5,1,생활 안전 지역,380,1,7
전남,해남군,0,0,17,158,271,"폭력, 절도, 성범죄",35.4,60.8,3.8,0,0,446,5,1,생활 안전 지역,572,1,12
전남,영암군,3,1,26,135,254,"폭력, 절도, 성범죄",32.2,60.6,6.2,0.7,0.2,419,5,1,생활 안전 지역,762,1,6
전남,무안군,0,0,22,236,315,"폭력, 절도, 성범죄",41.2,55,3.8,0,0,573,5,1,생활 안전 지역,566,1,7
전남,함평군,0,0,8,111,111,"절도, 폭력, 성범죄",48.3,48.3,3.5,0,0,230,5,1,생활 안전 지역,756,1,7
전남,영광군,1,2,17,135,194,"폭력, 절도, 성범죄",38.7,55.6,4.9,0.3,0.6,349,5,1,생활 안전 지역,569,1,8
전남,장성군,0,1,19,142,156,"폭력, 절도, 성범죄",44.7,49.1,6,0,0.3,318,5,1,생활 안전 지역,676,1,7
전남,완도군,1,0,14,162,216,"폭력, 절도, 성범죄",41.2,55,3.6,0.3,0,393,5,1,생활 안전 지역,334,1,11
전남,진도군,0,0,12,110,153,"폭력, 절도, 성범죄",40,55.6,4.4,0,0,275,5,1,생활 안전 지역,1559,1,7
전남,신안군,0,0,8,87,122,"폭력, 절도, 성범죄",40.1,56.2,3.7,0,0,217,5,1,생활 안전 지역,232,1,15
경북,경산시,4,1,73,921,1115,"폭력, 절도, 성범죄",43.6,52.7,3.5,0.2,0,2114,17.1,0,범죄 집중 관리 지역,3913,1,8
경북,경주시,2,1,86,1054,1003,"절도, 폭력, 성범죄",49.1,46.7,4,0.1,0,2146,17.7,0,범죄 집중 관리 지역,2812,1,22
경북,구미시,2,5,155,1754,1562,"절도, 폭력, 성범죄",50.4,44.9,4.5,0.1,0.1,3478,29.7,0,범죄 집중 관리 지역,2133,1,17
경북,김천시,1,1,36,385,506,"폭력, 절도, 성범죄",41.4,54.5,3.9,0.1,0.1,929,7,0,범죄 집중 관리 지역,2676,1,14
경북,문경시,0,1,17,235,258,"폭력, 절도, 성범죄",46,50.5,3.3,0,0.2,511,5,0,범죄 집중 관리 지역,2329,1,8
경북,상주시,0,1,21,357,341,"절도, 폭력, 성범죄",49.6,47.4,2.9,0,0.1,720,5.7,1,생활 안전 지역,1005,1,13
경북,안동시,2,2,61,401,549,"폭력, 절도, 성범죄",39.5,54.1,6,0.2,0.2,1015,7,0,범죄 집중 관리 지역,5042,2,17
경북,영주시,1,2,26,199,432,"폭력, 절도, 성범죄",30.2,65.5,3.9,0.2,0.3,660,5,0,범죄 집중 관리 지역,1548,1,8
경북,영천시,0,6,35,282,431,"폭력, 절도, 성범죄",37.4,57.2,4.6,0,0.8,754,5.6,0,범죄 집중 관리 지역,2302,1,12
경북,포항시,3,4,182,1923,1761,"절도, 폭력, 성범죄",49.7,45.5,4.7,0.1,0.1,3873,33.3,0,범죄 집중 관리 지역,1594,2,28
경북,의성군,0,1,7,161,141,"절도, 폭력, 성범죄",51.9,45.5,2.3,0,0.3,310,5,1,생활 안전 지역,944,1,9
경북,청송군,0,1,8,59,134,"폭력, 절도, 성범죄",29.2,66.3,4,0,0.5,202,5,1,생활 안전 지역,413,1,7
경북,영양군,0,0,1,40,68,"폭력, 절도, 성범죄",36.7,62.4,0.9,0,0,109,5,1,생활 안전 지역,477,1,5
경북,영덕군,0,3,12,111,182,"폭력, 절도, 성범죄",36,59.1,3.9,0,1,308,5,1,생활 안전 지역,546,1,6
경북,청도군,1,1,10,171,201,"폭력, 절도, 성범죄",44.5,52.3,2.6,0.3,0.3,384,5,1,생활 안전 지역,562,1,6
경북,고령군,0,0,10,79,113,"폭력, 절도, 성범죄",39.1,55.9,5,0,0,202,5,1,생활 안전 지역,1217,1,4
경북,성주군,0,1,14,146,169,"폭력, 절도, 성범죄",44.2,51.2,4.2,0,0.3,330,5,1,생활 안전 지역,808,1,7
경북,칠곡군,1,2,34,275,525,"폭력, 절도, 성범죄",32.9,62.7,4.1,0.1,0.2,837,6.5,0,범죄 집중 관리 지역,1909,1,7
경북,예천군,0,1,15,115,171,"폭력, 절도, 성범죄",38.1,56.6,5,0,0.3,302,5,1,생활 안전 지역,1031,1,8
경북,봉화군,0,1,6,59,85,"폭력, 절도, 성범죄",39.1,56.3,4,0,0.7,151,5,1,생활 안전 지역,929,1,6
경북,울진군,2,1,8,111,177,"폭력, 절도, 성범죄",37.1,59.2,2.7,0.7,0.3,299,5,1,생활 안전 지역,789,1,8
경북,울릉군,0,0,4,5,25,"폭력, 절도, 성범죄",14.7,73.5,11.8,0,0,34,5,1,생활 안전 지역,296,1,4
경남,거제시,3,3,108,856,1180,"폭력, 절도, 성범죄",39.8,54.9,5,0.1,0.1,2150,18.4,0,범죄 집중 관리 지역,842,1,9
경남,김해시,7,10,150,2429,2152,"절도, 폭력, 성범죄",51.2,45.3,3.2,0.1,0.2,4748,39.6,0,범죄 집중 관리 지역,6099,2,14
경남,밀양시,0,1,47,246,492,"폭력, 절도, 성범죄",31.3,62.6,6,0,0.1,786,5.6,0,범죄 집중 관리 지역,3149,1,10
경남,사천시,2,4,40,267,495,"폭력, 절도, 성범죄",33,61.3,5,0.2,0.5,808,6.8,2,치안 인프라 보완 필요 지역,,1,8
경남,양산시,1,7,91,1380,1473,"폭력, 절도, 성범죄",46.7,49.9,3.1,0,0.2,2952,25.3,0,범죄 집중 관리 지역,1427,1,12
경남,진주시,1,4,103,3046,1407,"절도, 폭력, 성범죄",66.8,30.8,2.3,0,0.1,4561,39.4,0,범죄 집중 관리 지역,1773,1,13
경남,창원시,5,14,318,3665,4318,"폭력, 절도, 성범죄",44.1,51.9,3.8,0.1,0.2,8320,72,0,범죄 집중 관리 지역,3459,5,33
경남,통영시,3,5,59,424,768,"폭력, 절도, 성범죄",33.7,61,4.7,0.2,0.4,1259,9.9,0,범죄 집중 관리 지역,2736,1,8
경남,함안군,2,0,12,89,194,"폭력, 절도, 성범죄",30,65.3,4,0.7,0,297,5,1,생활 안전 지역,1691,1,7
경남,거창군,1,1,12,128,221,"폭력, 절도, 성범죄",35.3,60.9,3.3,0.3,0.3,363,5,1,생활 안전 지역,1812,1,7
경남,창녕군,1,3,14,155,223,"폭력, 절도, 성범죄",39.1,56.3,3.5,0.3,0.8,396,5,1,생활 안전 지역,1971,1,7
경남,고성군,0,2,20,126,175,"폭력, 절도, 성범죄",39,54.2,6.2,0,0.6,323,5,1,생활 안전 지역,798,1,7
경남,하동군,1,1,12,95,158,"폭력, 절도, 성범죄",35.6,59.2,4.5,0.4,0.4,267,5,1,생활 안전 지역,2201,1,8
경남,합천군,0,0,3,99,150,"폭력, 절도, 성범죄",39.3,59.5,1.2,0,0,252,5,1,생활 안전 지역,789,1,7
경남,남해군,0,1,11,65,116,"폭력, 절도, 성범죄",33.7,60.1,5.7,0,0.5,193,5,1,생활 안전 지역,1262,1,6
경남,함양군,0,0,9,63,110,"폭력, 절도, 성범죄",34.6,60.4,4.9,0,0,182,5,1,생활 안전 지역,1179,1,7
경남,산청군,0,2,8,45,97,"폭력, 절도, 성범죄",29.6,63.8,5.3,0,1.3,152,5,1,생활 안전 지역,953,1,5
경남,의령군,0,0,7,40,126,"폭력, 절도, 성범죄",23.1,72.8,4,0,0,173,5,1,생활 안전 지역,329,1,7
제주,서귀포시,5,4,91,791,1230,"폭력, 절도, 성범죄",37.3,58,4.3,0.2,0.2,2121,18.2,0,범죄 집중 관리 지역,681,1,9
제주,제주시,6,9,267,2257,3301,"폭력, 절도, 성범죄",38.6,56.5,4.6,0.1,0.2,5840,51.1,0,범죄 집중 관리 지역,362,2,16
